1,cs,cs,cs,cs,cs,cs,cs,cs,cs,cs,cs,cs
Id,ReadingName,ReadingDesc,Name,Desc,Icon,Difficulty,Condition,RewardItem,Buff,NeedAchievement,TargetSystem,Group
,varchar(50),varchar(50),,,,,varchar(255),varchar(255),varchar(255),,varchar(255),
,Invalid,Invalid,,,,,AchievementCondition,RewardItem[],IdPair,,TargetSystem,
成就ID,成就名辨识用,成就描述辨识用,成就名（文本ID）,成就描述（文本ID）,成就使用的图标ID,成就难度 1铜2银3金,成就条件（成就条件：值：比较类型成就条件参见附表比较类型分为：1、大于等于0、等于-1、小于等于）,成就奖励 类型：ID：数量,成就奖励Buff 格式见系统buff表,显示这个成就需要完成的成就ID,跳转到指定系统系统ID见成就说明标签页,成就组
1001,剧情达人1,通关普通难度2-2,80001,84001,1001,1,34:1:2021:0,1500:10,,0,4:0:0:0,1
1002,剧情达人2,通关普通难度2-3,80002,84002,1001,1,34:1:2031:0,2:10000,,1001,4:0:0:0,1
1003,剧情达人3,通关普通难度2-5,80003,84003,1001,1,34:1:2051:0,1500:10,,1002,4:0:0:0,1
1004,剧情达人4,通关普通难度2-7,80004,84004,1001,1,34:1:2061:0,2:10000,,1003,4:0:0:0,1
1005,剧情达人5,通关普通难度3-1,80005,84005,1001,1,34:1:3011:0,1500:10,,1004,4:0:0:0,1
1006,剧情达人6,通关普通难度3-4,80006,84006,1001,1,34:1:3041:0,2:30000,,1005,4:0:0:0,1
1007,剧情达人7,通关普通难度3-7,80007,84007,1001,1,34:1:3071:0,1500:10,,1006,4:0:0:0,1
1008,剧情达人8,通关普通难度3-10,80008,84008,1001,1,34:1:3101:0,2:30000,,1007,4:0:0:0,1
1009,剧情达人9,通关普通难度4-1,80009,84009,1001,1,34:1:4011:0,1500:10,,1008,4:0:0:0,1
1010,剧情达人10,通关普通难度4-4,80010,84010,1001,2,34:1:4041:0,2:50000,,1009,4:0:0:0,1
1011,剧情达人11,通关普通难度4-7,80011,84011,1001,2,34:1:4071:0,1500:10,,1010,4:0:0:0,1
1012,剧情达人12,通关普通难度4-10,80012,84012,1001,2,34:1:4101:0,2:50000,,1011,4:0:0:0,1
1013,剧情达人13,通关普通难度5-1,80013,84013,1001,2,34:1:5011:0,1501:10,,1012,4:0:0:0,1
1014,剧情达人14,通关普通难度5-4,80014,84014,1001,2,34:1:5041:0,2:50000,,1013,4:0:0:0,1
1015,剧情达人15,通关普通难度5-7,80015,84015,1001,2,34:1:5071:0,1501:10,,1014,4:0:0:0,1
1016,剧情达人16,通关普通难度5-10,80016,84016,1001,2,34:1:5101:0,2:50000,,1015,4:0:0:0,1
1017,剧情达人17,通关普通难度6-1,80017,84017,1001,2,34:1:6011:0,1501:10,,1016,4:0:0:0,1
1018,剧情达人18,通关普通难度6-4,80018,84018,1001,2,34:1:6041:0,2:50000,,1017,4:0:0:0,1
1019,剧情达人19,通关普通难度6-7,80019,84019,1001,2,34:1:6071:0,1501:10,,1018,4:0:0:0,1
1020,剧情达人20,通关普通难度6-10,80020,84020,1001,2,34:1:6101:0,2:50000,,1019,4:0:0:0,1
1021,剧情达人21,通关普通难度7-1,80021,84021,1001,2,34:1:7011:0,1501:10,,1020,4:0:0:0,1
1022,剧情达人22,通关普通难度7-4,80022,84022,1001,2,34:1:7041:0,2:50000,,1021,4:0:0:0,1
1023,剧情达人23,通关普通难度7-7,80023,84023,1001,2,34:1:7071:0,1501:10,,1022,4:0:0:0,1
1024,剧情达人24,通关普通难度7-10,80024,84024,1001,2,34:1:7101:0,2:50000,,1023,4:0:0:0,1
1025,剧情达人25,通关普通难度8-1,80025,84025,1001,3,34:1:8011:0,1501:10,,1024,4:0:0:0,1
1026,剧情达人26,通关普通难度8-4,80026,84026,1001,3,34:1:8041:0,2:50000,,1025,4:0:0:0,1
1027,剧情达人27,通关普通难度8-7,80027,84027,1001,3,34:1:8071:0,1501:10,,1026,4:0:0:0,1
1028,剧情达人28,通关普通难度8-10,80028,84028,1001,3,34:1:8101:0,2:50000,,1027,4:0:0:0,1
1029,剧情达人29,通关普通难度9-1,80029,84029,1001,3,34:1:9011:0,1501:10,,1028,4:0:0:0,1
1030,剧情达人30,通关普通难度9-4,80030,84030,1001,3,34:1:9041:0,2:50000,,1029,4:0:0:0,1
1031,剧情达人31,通关普通难度9-7,80031,84031,1001,3,34:1:9071:0,1501:10,,1030,4:0:0:0,1
1032,剧情达人32,通关普通难度9-10,80032,84032,1001,3,34:1:9101:0,2:50000,,1031,4:0:0:0,1
1033,剧情达人33,通关普通难度10-1,80033,84033,1001,3,34:1:10011:0,1501:10,,1032,4:0:0:0,1
1034,剧情达人34,通关普通难度10-4,80034,84034,1001,3,34:1:10041:0,2:50000,,1033,4:0:0:0,1
1035,剧情达人35,通关普通难度10-7,80035,84035,1001,3,34:1:10071:0,1501:10,,1034,4:0:0:0,1
1036,剧情达人36,通关普通难度10-10,80036,84036,1001,3,34:1:10101:0,2:50000,,1035,4:0:0:0,1
1101,能征惯战1,通关精英难度1-1,80101,84101,1001,2,2:1:1012:0,4:50,,0,4:0:1:0,2
1102,能征惯战2,通关精英难度1-4,80102,84102,1001,2,2:1:1042:0,2:50000,,1101,4:0:1:0,2
1103,能征惯战3,通关精英难度2-1,80103,84103,1001,2,2:1:2012:0,1500:50,,1102,4:0:1:0,2
1104,能征惯战4,通关精英难度2-4,80104,84104,1001,2,2:1:2042:0,2:50000,,1103,4:0:1:0,2
1105,能征惯战5,通关精英难度2-6,80105,84105,1001,2,2:1:2062:0,1500:50,,1104,4:0:1:0,2
1106,能征惯战6,通关精英难度3-1,80106,84106,1001,2,2:1:3012:0,2:50000,,1105,4:0:1:0,2
1107,能征惯战7,通关精英难度3-4,80107,84107,1001,2,2:1:3042:0,1500:50,,1106,4:0:1:0,2
1108,能征惯战8,通关精英难度3-7,80108,84108,1001,2,2:1:3072:0,2:50000,,1107,4:0:1:0,2
1109,能征惯战9,通关精英难度3-10,80109,84109,1001,2,2:1:3102:0,1500:50,,1108,4:0:1:0,2
1110,能征惯战10,通关精英难度4-1,80110,84110,1001,2,2:1:4012:0,2:50000,,1109,4:0:1:0,2
1111,能征惯战11,通关精英难度4-4,80111,84111,1001,2,2:1:4042:0,1500:50,,1110,4:0:1:0,2
1112,能征惯战12,通关精英难度4-7,80112,84112,1001,2,2:1:4072:0,2:50000,,1111,4:0:1:0,2
1113,能征惯战13,通关精英难度4-10,80113,84113,1001,2,2:1:4102:0,1501:50,,1112,4:0:1:0,2
1114,能征惯战14,通关精英难度5-1,80114,84114,1001,2,2:1:5012:0,2:50000,,1113,4:0:1:0,2
1115,能征惯战15,通关精英难度5-4,80115,84115,1001,2,2:1:5042:0,1501:50,,1114,4:0:1:0,2
1116,能征惯战16,通关精英难度5-7,80116,84116,1001,2,2:1:5072:0,2:50000,,1115,4:0:1:0,2
1117,能征惯战17,通关精英难度5-10,80117,84117,1001,2,2:1:5102:0,1501:50,,1116,4:0:1:0,2
1118,能征惯战18,通关精英难度6-1,80118,84118,1001,3,2:1:6012:0,2:150000,,1117,4:0:1:0,2
1119,能征惯战19,通关精英难度6-4,80119,84119,1001,3,2:1:6042:0,1501:50,,1118,4:0:1:0,2
1120,能征惯战20,通关精英难度6-7,80120,84120,1001,3,2:1:6072:0,2:150000,,1119,4:0:1:0,2
1121,能征惯战21,通关精英难度6-10,80121,84121,1001,3,2:1:6102:0,1501:50,,1120,4:0:1:0,2
1122,能征惯战22,通关精英难度7-1,80122,84122,1001,3,2:1:7012:0,2:150000,,1121,4:0:1:0,2
1123,能征惯战23,通关精英难度7-4,80123,84123,1001,3,2:1:7042:0,1501:50,,1122,4:0:1:0,2
1124,能征惯战24,通关精英难度7-7,80124,84124,1001,3,2:1:7072:0,2:150000,,1123,4:0:1:0,2
1125,能征惯战25,通关精英难度7-10,80125,84125,1001,3,2:1:7102:0,1501:50,,1124,4:0:1:0,2
1126,能征惯战26,通关精英难度8-1,80126,84126,1001,3,2:1:8012:0,2:150000,,1125,4:0:1:0,2
1127,能征惯战27,通关精英难度8-4,80127,84127,1001,3,2:1:8042:0,1501:50,,1126,4:0:1:0,2
1128,能征惯战28,通关精英难度8-7,80128,84128,1001,3,2:1:8072:0,2:150000,,1127,4:0:1:0,2
1129,能征惯战29,通关精英难度8-10,80129,84129,1001,3,2:1:8102:0,1501:50,,1128,4:0:1:0,2
1130,能征惯战30,通关精英难度9-1,80130,84130,1001,3,2:1:9012:0,2:150000,,1129,4:0:1:0,2
1131,能征惯战31,通关精英难度9-4,80131,84131,1001,3,2:1:9042:0,1501:50,,1130,4:0:1:0,2
1132,能征惯战32,通关精英难度9-7,80132,84132,1001,3,2:1:9072:0,2:150000,,1131,4:0:1:0,2
1133,能征惯战33,通关精英难度9-10,80133,84133,1001,3,2:1:9102:0,1501:50,,1132,4:0:1:0,2
1134,能征惯战34,通关精英难度10-1,80134,84134,1001,3,2:1:10012:0,2:150000,,1133,4:0:1:0,2
1135,能征惯战35,通关精英难度10-4,80135,84135,1001,3,2:1:10042:0,1501:50,,1134,4:0:1:0,2
1136,能征惯战36,通关精英难度10-7,80136,84136,1001,3,2:1:10072:0,2:150000,,1135,4:0:1:0,2
1301,步步高升1,玩家等级达到5级,80301,84301,1001,1,1:8:0:1,1030:20,,0,0:0:0:0,4
1302,步步高升2,玩家等级达到9级,80302,84302,1001,1,1:9:0:1,1030:30,,1301,0:0:0:0,4
1303,步步高升3,玩家等级达到13级,80303,84303,1001,1,1:13:0:1,1030:40,,1302,0:0:0:0,4
1304,步步高升4,玩家等级达到17级,80304,84304,1001,1,1:17:0:1,1030:50,,1303,0:0:0:0,4
1305,步步高升5,玩家等级达到20级,80305,84305,1001,1,1:20:0:1,1030:60,,1304,0:0:0:0,4
1306,步步高升6,玩家等级达到25级,80306,84306,1001,1,1:25:0:1,1030:70,,1305,0:0:0:0,4
1307,步步高升7,玩家等级达到26级,80307,84307,1001,1,1:26:0:1,1030:80,,1306,0:0:0:0,4
1308,步步高升8,玩家等级达到27级,80308,84308,1001,1,1:27:0:1,1030:90,,1307,0:0:0:0,4
1309,步步高升9,玩家等级达到28级,80309,84309,1001,1,1:28:0:1,1030:100,,1308,0:0:0:0,4
1310,步步高升10,玩家等级达到29级,80310,84310,1001,1,1:29:0:1,1030:110,,1309,0:0:0:0,4
1311,步步高升11,玩家等级达到30级,80311,84311,1001,1,1:30:0:1,4:50,,1310,0:0:0:0,4
1312,步步高升12,玩家等级达到31级,80312,84312,1001,1,1:31:0:1,1031:20,,1311,0:0:0:0,4
1313,步步高升13,玩家等级达到32级,80313,84313,1001,1,1:32:0:1,1031:20,,1312,0:0:0:0,4
1314,步步高升14,玩家等级达到33级,80314,84314,1001,1,1:33:0:1,1031:20,,1313,0:0:0:0,4
1315,步步高升15,玩家等级达到34级,80315,84315,1001,1,1:34:0:1,1031:20,,1314,0:0:0:0,4
1316,步步高升16,玩家等级达到35级,80316,84316,1001,1,1:35:0:1,1031:20,,1315,0:0:0:0,4
1317,步步高升17,玩家等级达到36级,80317,84317,1001,1,1:36:0:1,1031:20,,1316,0:0:0:0,4
1318,步步高升18,玩家等级达到37级,80318,84318,1001,1,1:37:0:1,1031:20,,1317,0:0:0:0,4
1319,步步高升19,玩家等级达到38级,80319,84319,1001,1,1:38:0:1,1031:20,,1318,0:0:0:0,4
1320,步步高升20,玩家等级达到39级,80320,84320,1001,1,1:39:0:1,1031:20,,1319,0:0:0:0,4
1321,步步高升21,玩家等级达到40级,80321,84321,1001,1,1:40:0:1,4:50,,1320,0:0:0:0,4
1322,步步高升22,玩家等级达到41级,80322,84322,1001,1,1:41:0:1,1031:20,,1321,0:0:0:0,4
1323,步步高升23,玩家等级达到42级,80323,84323,1001,1,1:42:0:1,1031:20,,1322,0:0:0:0,4
1324,步步高升24,玩家等级达到43级,80324,84324,1001,1,1:43:0:1,1031:20,,1323,0:0:0:0,4
1325,步步高升25,玩家等级达到44级,80325,84325,1001,1,1:44:0:1,1031:20,,1324,0:0:0:0,4
1326,步步高升26,玩家等级达到45级,80326,84326,1001,1,1:45:0:1,1031:20,,1325,0:0:0:0,4
1327,步步高升27,玩家等级达到46级,80327,84327,1001,1,1:46:0:1,1031:20,,1326,0:0:0:0,4
1328,步步高升28,玩家等级达到47级,80328,84328,1001,1,1:47:0:1,1031:20,,1327,0:0:0:0,4
1329,步步高升29,玩家等级达到48级,80329,84329,1001,1,1:48:0:1,1031:20,,1328,0:0:0:0,4
1330,步步高升30,玩家等级达到49级,80330,84330,1001,1,1:49:0:1,1031:20,,1329,0:0:0:0,4
1331,步步高升31,玩家等级达到50级,80331,84331,1001,1,1:50:0:1,4:50,,1330,0:0:0:0,4
1332,步步高升32,玩家等级达到51级,80332,84332,1001,2,1:51:0:1,1032:20,,1331,0:0:0:0,4
1333,步步高升33,玩家等级达到52级,80333,84333,1001,2,1:52:0:1,1032:20,,1332,0:0:0:0,4
1334,步步高升34,玩家等级达到53级,80334,84334,1001,2,1:53:0:1,1032:20,,1333,0:0:0:0,4
1335,步步高升35,玩家等级达到54级,80335,84335,1001,2,1:54:0:1,1032:20,,1334,0:0:0:0,4
1336,步步高升36,玩家等级达到55级,80336,84336,1001,2,1:55:0:1,1032:20,,1335,0:0:0:0,4
1337,步步高升37,玩家等级达到56级,80337,84337,1001,2,1:56:0:1,1032:20,,1336,0:0:0:0,4
1338,步步高升38,玩家等级达到57级,80338,84338,1001,2,1:57:0:1,1032:20,,1337,0:0:0:0,4
1339,步步高升39,玩家等级达到58级,80339,84339,1001,2,1:58:0:1,1032:20,,1338,0:0:0:0,4
1340,步步高升40,玩家等级达到59级,80340,84340,1001,2,1:59:0:1,1032:20,,1339,0:0:0:0,4
1341,步步高升41,玩家等级达到60级,80341,84341,1001,2,1:60:0:1,1032:20,,1340,0:0:0:0,4
1342,步步高升42,玩家等级达到61级,80342,84342,1001,2,1:61:0:1,1032:20,,1341,0:0:0:0,4
1343,步步高升43,玩家等级达到62级,80343,84343,1001,2,1:62:0:1,1032:20,,1342,0:0:0:0,4
1344,步步高升44,玩家等级达到63级,80344,84344,1001,2,1:63:0:1,1032:20,,1343,0:0:0:0,4
1345,步步高升45,玩家等级达到64级,80345,84345,1001,2,1:64:0:1,1032:20,,1344,0:0:0:0,4
1346,步步高升46,玩家等级达到65级,80346,84346,1001,2,1:65:0:1,1032:20,,1345,0:0:0:0,4
1347,步步高升47,玩家等级达到66级,80347,84347,1001,2,1:66:0:1,1032:20,,1346,0:0:0:0,4
1348,步步高升48,玩家等级达到67级,80348,84348,1001,2,1:67:0:1,1032:20,,1347,0:0:0:0,4
1349,步步高升49,玩家等级达到68级,80349,84349,1001,2,1:68:0:1,1032:20,,1348,0:0:0:0,4
1350,步步高升50,玩家等级达到69级,80350,84350,1001,2,1:69:0:1,4:50,,1349,0:0:0:0,4
1351,步步高升51,玩家等级达到70级,80351,84351,1001,2,1:70:0:1,1032:20,,1350,0:0:0:0,4
1352,步步高升52,玩家等级达到71级,80352,84352,1001,2,1:71:0:1,1032:20,,1351,0:0:0:0,4
1353,步步高升53,玩家等级达到72级,80353,84353,1001,2,1:72:0:1,1032:20,,1352,0:0:0:0,4
1354,步步高升54,玩家等级达到73级,80354,84354,1001,2,1:73:0:1,1032:20,,1353,0:0:0:0,4
1355,步步高升55,玩家等级达到74级,80355,84355,1001,2,1:74:0:1,1032:20,,1354,0:0:0:0,4
1356,步步高升56,玩家等级达到75级,80356,84356,1001,2,1:75:0:1,1032:20,,1355,0:0:0:0,4
1357,步步高升57,玩家等级达到76级,80357,84357,1001,2,1:76:0:1,1032:20,,1356,0:0:0:0,4
1358,步步高升58,玩家等级达到77级,80358,84358,1001,2,1:77:0:1,1032:20,,1357,0:0:0:0,4
1359,步步高升59,玩家等级达到78级,80359,84359,1001,2,1:78:0:1,1032:20,,1358,0:0:0:0,4
1360,步步高升60,玩家等级达到79级,80360,84360,1001,2,1:79:0:1,1032:20,,1359,0:0:0:0,4
1361,步步高升61,玩家等级达到80级,80361,84361,1001,3,1:80:0:1,1032:20,,1360,0:0:0:0,4
1362,步步高升62,玩家等级达到81级,80362,84362,1001,3,1:81:0:1,1032:20,,1361,0:0:0:0,4
1363,步步高升63,玩家等级达到82级,80363,84363,1001,3,1:82:0:1,1032:20,,1362,0:0:0:0,4
1364,步步高升64,玩家等级达到83级,80364,84364,1001,3,1:83:0:1,1032:20,,1363,0:0:0:0,4
1365,步步高升65,玩家等级达到84级,80365,84365,1001,3,1:84:0:1,1032:20,,1364,0:0:0:0,4
1366,步步高升66,玩家等级达到85级,80366,84366,1001,3,1:85:0:1,1032:20,,1365,0:0:0:0,4
1367,步步高升67,玩家等级达到86级,80367,84367,1001,3,1:86:0:1,1032:20,,1366,0:0:0:0,4
1368,步步高升68,玩家等级达到87级,80368,84368,1001,3,1:87:0:1,1032:20,,1367,0:0:0:0,4
1369,步步高升69,玩家等级达到88级,80369,84369,1001,3,1:88:0:1,1032:20,,1368,0:0:0:0,4
1370,步步高升70,玩家等级达到89级,80370,84370,1001,3,1:89:0:1,1032:20,,1369,0:0:0:0,4
1371,步步高升71,玩家等级达到90级,80371,84371,1001,3,1:90:0:1,1032:20,,1370,0:0:0:0,4
1372,步步高升72,玩家等级达到91级,80372,84372,1001,3,1:91:0:1,1032:20,,1371,0:0:0:0,4
1373,步步高升73,玩家等级达到92级,80373,84373,1001,3,1:92:0:1,1032:20,,1372,0:0:0:0,4
1374,步步高升74,玩家等级达到93级,80374,84374,1001,3,1:93:0:1,1032:20,,1373,0:0:0:0,4
1375,步步高升75,玩家等级达到94级,80375,84375,1001,3,1:94:0:1,1032:20,,1374,0:0:0:0,4
1376,步步高升76,玩家等级达到95级,80376,84376,1001,3,1:95:0:1,1032:20,,1375,0:0:0:0,4
1377,步步高升77,玩家等级达到96级,80377,84377,1001,3,1:96:0:1,1032:20,,1376,0:0:0:0,4
1378,步步高升78,玩家等级达到97级,80378,84378,1001,3,1:97:0:1,1032:20,,1377,0:0:0:0,4
1379,步步高升79,玩家等级达到98级,80379,84379,1001,3,1:98:0:1,1032:20,,1378,0:0:0:0,4
1380,步步高升80,玩家等级达到99级,80380,84380,1001,3,1:99:0:1,1032:20,,1379,0:0:0:0,4
1381,步步高升81,玩家等级达到100级,80381,84381,1001,3,1:100:0:1,1032:20,,1380,0:0:0:0,4
1401,呼朋唤友1,收集3个角色,80401,84401,1001,1,4:3:0:1,17:1,,0,0:0:0:0,5
1402,呼朋唤友2,收集4个角色,80402,84402,1001,1,4:4:0:1,17:1,,1401,0:0:0:0,5
1403,呼朋唤友3,收集5个角色,80403,84403,1001,1,4:5:0:1,17:1,,1402,0:0:0:0,5
1404,呼朋唤友4,收集6个角色,80404,84404,1001,2,4:6:0:1,18:1,,1403,0:0:0:0,5
1405,呼朋唤友5,收集7个角色,80405,84405,1001,2,4:7:0:1,18:1,,1404,0:0:0:0,5
1406,呼朋唤友6,收集8个角色,80406,84406,1001,2,4:8:0:1,18:1,,1405,0:0:0:0,5
1407,呼朋唤友7,收集9个角色,80407,84407,1001,2,4:9:0:1,18:1,,1406,0:0:0:0,5
1408,呼朋唤友8,收集10个角色,80408,84408,1001,3,4:10:0:1,18:1,,1407,0:0:0:0,5
1409,呼朋唤友9,收集11个角色,80409,84409,1001,3,4:11:0:1,18:1,,1408,0:0:0:0,5
1410,呼朋唤友10,收集12个角色,80410,84410,1001,3,4:12:0:1,18:1,,1409,0:0:0:0,5
1411,呼朋唤友11,收集13个角色,80411,84411,1001,3,4:13:0:1,18:1,,1410,0:0:0:0,5
1412,呼朋唤友12,收集14个角色,80412,84412,1001,3,4:14:0:1,18:1,,1411,0:0:0:0,5
1413,呼朋唤友13,收集15个角色,80413,84413,1001,3,4:15:0:1,18:1,,1412,0:0:0:0,5
1414,呼朋唤友14,收集16个角色,80414,84414,1001,3,4:16:0:1,18:1,,1413,0:0:0:0,5
1415,呼朋唤友15,收集17个角色,80415,84415,1001,3,4:17:0:1,18:1,,1414,0:0:0:0,5
1416,呼朋唤友16,收集18个角色,80416,84416,1001,3,4:18:0:1,18:1,,1415,0:0:0:0,5
1417,呼朋唤友17,收集19个角色,80417,84417,1001,3,4:19:0:1,18:1,,1416,0:0:0:0,5
1418,呼朋唤友18,收集20个角色,80418,84418,1001,3,4:20:0:1,18:1,,1417,0:0:0:0,5
1419,呼朋唤友19,收集21个角色,80419,84419,1001,3,4:21:0:1,18:1,,1418,0:0:0:0,5
1420,呼朋唤友20,收集22个角色,80420,84420,1001,3,4:22:0:1,18:1,,1419,0:0:0:0,5
1421,呼朋唤友21,收集23个角色,80421,84421,1001,3,4:23:0:1,18:1,,1420,0:0:0:0,5
1422,呼朋唤友22,收集24个角色,80422,84422,1001,3,4:24:0:1,18:1,,1421,0:0:0:0,5
1423,呼朋唤友23,收集25个角色,80423,84423,1001,3,4:25:0:1,18:1,,1422,0:0:0:0,5
1424,呼朋唤友24,收集26个角色,80424,84424,1001,3,4:26:0:1,18:1,,1423,0:0:0:0,5
1425,呼朋唤友25,收集27个角色,80425,84425,1001,3,4:27:0:1,18:1,,1424,0:0:0:0,5
1426,呼朋唤友26,收集28个角色,80426,84426,1001,3,4:28:0:1,18:1,,1425,0:0:0:0,5
1427,呼朋唤友27,收集29个角色,80427,84427,1001,3,4:29:0:1,18:1,,1426,0:0:0:0,5
1428,呼朋唤友28,收集30个角色,80428,84428,1001,3,4:30:0:1,18:1,,1427,0:0:0:0,5
1429,呼朋唤友29,收集31个角色,80429,84429,1001,3,4:31:0:1,18:1,,1428,0:0:0:0,5
1430,呼朋唤友30,收集32个角色,80430,84430,1001,3,4:32:0:1,18:1,,1429,0:0:0:0,5
1431,呼朋唤友31,收集33个角色,80431,84431,1001,3,4:33:0:1,18:1,,1430,0:0:0:0,5
1432,呼朋唤友32,收集34个角色,80432,84432,1001,3,4:34:0:1,18:1,,1431,0:0:0:0,5
1433,呼朋唤友33,收集35个角色,80433,84433,1001,3,4:35:0:1,18:1,,1432,0:0:0:0,5
1434,呼朋唤友34,收集36个角色,80434,84434,1001,3,4:36:0:1,18:1,,1433,0:0:0:0,5
1435,呼朋唤友35,收集37个角色,80435,84435,1001,3,4:37:0:1,18:1,,1434,0:0:0:0,5
1436,呼朋唤友36,收集38个角色,80436,84436,1001,3,4:38:0:1,18:1,,1435,0:0:0:0,5
1437,呼朋唤友37,收集39个角色,80437,84437,1001,3,4:39:0:1,18:1,,1436,0:0:0:0,5
1438,呼朋唤友38,收集40个角色,80438,84438,1001,3,4:40:0:1,18:1,,1437,0:0:0:0,5
1439,呼朋唤友39,收集41个角色,80439,84439,1001,3,4:41:0:1,18:1,,1438,0:0:0:0,5
1440,呼朋唤友40,收集42个角色,80440,84440,1001,3,4:42:0:1,18:1,,1439,0:0:0:0,5
1441,呼朋唤友41,收集43个角色,80441,84441,1001,3,4:43:0:1,18:1,,1440,0:0:0:0,5
1442,呼朋唤友42,收集44个角色,80442,84442,1001,3,4:44:0:1,18:1,,1441,0:0:0:0,5
1443,呼朋唤友43,收集45个角色,80443,84443,1001,3,4:45:0:1,18:1,,1442,0:0:0:0,5
1444,呼朋唤友44,收集46个角色,80444,84444,1001,3,4:46:0:1,18:1,,1443,0:0:0:0,5
1445,呼朋唤友45,收集47个角色,80445,84445,1001,3,4:47:0:1,18:1,,1444,0:0:0:0,5
1446,呼朋唤友46,收集48个角色,80446,84446,1001,3,4:48:0:1,18:1,,1445,0:0:0:0,5
1447,呼朋唤友47,收集49个角色,80447,84447,1001,3,4:49:0:1,18:1,,1446,0:0:0:0,5
1448,呼朋唤友48,收集50个角色,80448,84448,1001,3,4:50:0:1,18:1,,1447,0:0:0:0,5
1449,呼朋唤友49,收集51个角色,80449,84449,1001,3,4:51:0:1,18:1,,1448,0:0:0:0,5
1450,呼朋唤友50,收集52个角色,80450,84450,1001,3,4:52:0:1,18:1,,1449,0:0:0:0,5
1601,突飞猛进1,完成2次角色升星,80601,84601,1001,1,6:2:0:1,1070:30,,0,12:0:0:0,6
1602,突飞猛进2,完成3次角色升星,80602,84602,1001,1,6:3:0:1,1070:30,,1601,12:0:0:0,6
1603,突飞猛进3,完成6次角色升星,80603,84603,1001,1,6:6:0:1,1070:30,,1602,12:0:0:0,6
1604,突飞猛进4,完成10次角色升星,80604,84604,1001,1,6:10:0:1,1070:30,,1603,12:0:0:0,6
1605,突飞猛进5,完成15次角色升星,80605,84605,1001,1,6:15:0:1,1071:10,,1604,12:0:0:0,6
1606,突飞猛进6,完成20次角色升星,80606,84606,1001,1,6:20:0:1,1071:10,,1605,12:0:0:0,6
1607,突飞猛进7,完成25次角色升星,80607,84607,1001,1,6:25:0:1,1071:10,,1606,12:0:0:0,6
1608,突飞猛进8,完成30次角色升星,80608,84608,1001,1,6:30:0:1,1071:10,,1607,12:0:0:0,6
1609,突飞猛进9,完成35次角色升星,80609,84609,1001,1,6:35:0:1,1072:10,,1608,12:0:0:0,6
1610,突飞猛进10,完成40次角色升星,80610,84610,1001,1,6:40:0:1,1072:10,,1609,12:0:0:0,6
1611,突飞猛进11,完成45次角色升星,80611,84611,1001,1,6:45:0:1,1072:10,,1610,12:0:0:0,6
1612,突飞猛进12,完成50次角色升星,80612,84612,1001,2,6:50:0:1,1072:10,,1611,12:0:0:0,6
1613,突飞猛进13,完成55次角色升星,80613,84613,1001,2,6:55:0:1,1072:10,,1612,12:0:0:0,6
1614,突飞猛进14,完成60次角色升星,80614,84614,1001,2,6:60:0:1,1072:10,,1613,12:0:0:0,6
1615,突飞猛进15,完成65次角色升星,80615,84615,1001,2,6:65:0:1,1072:10,,1614,12:0:0:0,6
1616,突飞猛进16,完成70次角色升星,80616,84616,1001,2,6:70:0:1,1072:10,,1615,12:0:0:0,6
1617,突飞猛进17,完成75次角色升星,80617,84617,1001,2,6:75:0:1,1072:10,,1616,12:0:0:0,6
1618,突飞猛进18,完成80次角色升星,80618,84618,1001,2,6:80:0:1,1072:10,,1617,12:0:0:0,6
1619,突飞猛进19,完成85次角色升星,80619,84619,1001,2,6:85:0:1,1072:10,,1618,12:0:0:0,6
1620,突飞猛进20,完成90次角色升星,80620,84620,1001,2,6:90:0:1,1072:10,,1619,12:0:0:0,6
1621,突飞猛进21,完成95次角色升星,80621,84621,1001,2,6:95:0:1,1072:10,,1620,12:0:0:0,6
1622,突飞猛进22,完成100次角色升星,80622,84622,1001,2,6:100:0:1,1072:10,,1621,12:0:0:0,6
1623,突飞猛进23,完成110次角色升星,80623,84623,1001,2,6:110:0:1,1072:10,,1622,12:0:0:0,6
1624,突飞猛进24,完成120次角色升星,80624,84624,1001,2,6:120:0:1,1072:10,,1623,12:0:0:0,6
1625,突飞猛进25,完成130次角色升星,80625,84625,1001,2,6:130:0:1,1072:10,,1624,12:0:0:0,6
1626,突飞猛进26,完成140次角色升星,80626,84626,1001,2,6:140:0:1,1072:10,,1625,12:0:0:0,6
1627,突飞猛进27,完成150次角色升星,80627,84627,1001,2,6:150:0:1,1072:10,,1626,12:0:0:0,6
1628,突飞猛进28,完成160次角色升星,80628,84628,1001,2,6:160:0:1,1072:10,,1627,12:0:0:0,6
1629,突飞猛进29,完成170次角色升星,80629,84629,1001,2,6:170:0:1,1072:10,,1628,12:0:0:0,6
1630,突飞猛进30,完成180次角色升星,80630,84630,1001,2,6:180:0:1,1072:10,,1629,12:0:0:0,6
1631,突飞猛进31,完成190次角色升星,80631,84631,1001,2,6:190:0:1,1072:10,,1630,12:0:0:0,6
1632,突飞猛进32,完成200次角色升星,80632,84632,1001,3,6:200:0:1,1072:10,,1631,12:0:0:0,6
1633,突飞猛进33,完成210次角色升星,80633,84633,1001,3,6:210:0:1,1072:10,,1632,12:0:0:0,6
1634,突飞猛进34,完成220次角色升星,80634,84634,1001,3,6:220:0:1,1072:10,,1633,12:0:0:0,6
1635,突飞猛进35,完成230次角色升星,80635,84635,1001,3,6:230:0:1,1072:10,,1634,12:0:0:0,6
1636,突飞猛进36,完成240次角色升星,80636,84636,1001,3,6:240:0:1,1072:10,,1635,12:0:0:0,6
1637,突飞猛进37,完成250次角色升星,80637,84637,1001,3,6:250:0:1,1072:10,,1636,12:0:0:0,6
1638,突飞猛进38,完成260次角色升星,80638,84638,1001,3,6:260:0:1,1072:10,,1637,12:0:0:0,6
1639,突飞猛进39,完成270次角色升星,80639,84639,1001,3,6:270:0:1,1072:10,,1638,12:0:0:0,6
1640,突飞猛进40,完成280次角色升星,80640,84640,1001,3,6:280:0:1,1072:10,,1639,12:0:0:0,6
1641,突飞猛进41,完成290次角色升星,80641,84641,1001,3,6:290:0:1,1072:10,,1640,12:0:0:0,6
1642,突飞猛进42,完成300次角色升星,80642,84642,1001,3,6:300:0:1,1072:10,,1641,12:0:0:0,6
1643,突飞猛进43,完成310次角色升星,80643,84643,1001,3,6:310:0:1,1072:10,,1642,12:0:0:0,6
1644,突飞猛进44,完成320次角色升星,80644,84644,1001,3,6:320:0:1,1072:10,,1643,12:0:0:0,6
1645,突飞猛进45,完成330次角色升星,80645,84645,1001,3,6:330:0:1,1072:10,,1644,12:0:0:0,6
1646,突飞猛进46,完成340次角色升星,80646,84646,1001,3,6:340:0:1,1072:10,,1645,12:0:0:0,6
1647,突飞猛进47,完成350次角色升星,80647,84647,1001,3,6:350:0:1,1072:10,,1646,12:0:0:0,6
1648,突飞猛进48,完成360次角色升星,80648,84648,1001,3,6:360:0:1,1072:10,,1647,12:0:0:0,6
1649,突飞猛进49,完成370次角色升星,80649,84649,1001,3,6:370:0:1,1072:10,,1648,12:0:0:0,6
1650,突飞猛进50,完成380次角色升星,80650,84650,1001,3,6:380:0:1,1072:10,,1649,12:0:0:0,6
1651,突飞猛进51,完成390次角色升星,80651,84651,1001,3,6:390:0:1,1072:10,,1650,12:0:0:0,6
1652,突飞猛进52,完成400次角色升星,80652,84652,1001,3,6:400:0:1,1072:10,,1651,12:0:0:0,6
1653,突飞猛进53,完成410次角色升星,80653,84653,1001,3,6:410:0:1,1072:10,,1652,12:0:0:0,6
1654,突飞猛进54,完成420次角色升星,80654,84654,1001,3,6:420:0:1,1072:10,,1653,12:0:0:0,6
1655,突飞猛进55,完成430次角色升星,80655,84655,1001,3,6:430:0:1,1072:10,,1654,12:0:0:0,6
1656,突飞猛进56,完成440次角色升星,80656,84656,1001,3,6:440:0:1,1072:10,,1655,12:0:0:0,6
1657,突飞猛进57,完成450次角色升星,80657,84657,1001,3,6:450:0:1,1072:10,,1656,12:0:0:0,6
1658,突飞猛进58,完成460次角色升星,80658,84658,1001,3,6:460:0:1,1072:10,,1657,12:0:0:0,6
1659,突飞猛进59,完成470次角色升星,80659,84659,1001,3,6:470:0:1,1072:10,,1658,12:0:0:0,6
1660,突飞猛进60,完成480次角色升星,80660,84660,1001,3,6:480:0:1,1072:10,,1659,12:0:0:0,6
1661,突飞猛进61,完成490次角色升星,80661,84661,1001,3,6:490:0:1,1072:10,,1660,12:0:0:0,6
1662,突飞猛进62,完成500次角色升星,80662,84662,1001,3,6:500:0:1,1072:10,,1661,12:0:0:0,6
1663,突飞猛进63,完成510次角色升星,80663,84663,1001,3,6:510:0:1,1072:10,,1662,12:0:0:0,6
1664,突飞猛进64,完成520次角色升星,80664,84664,1001,3,6:520:0:1,1072:10,,1663,12:0:0:0,6
1665,突飞猛进65,完成530次角色升星,80665,84665,1001,3,6:530:0:1,1072:10,,1664,12:0:0:0,6
1666,突飞猛进66,完成540次角色升星,80666,84666,1001,3,6:540:0:1,1072:10,,1665,12:0:0:0,6
1667,突飞猛进67,完成550次角色升星,80667,84667,1001,3,6:550:0:1,1072:10,,1666,12:0:0:0,6
1668,突飞猛进68,完成560次角色升星,80668,84668,1001,3,6:560:0:1,1072:10,,1667,12:0:0:0,6
1669,突飞猛进69,完成570次角色升星,80669,84669,1001,3,6:570:0:1,1072:10,,1668,12:0:0:0,6
1670,突飞猛进70,完成580次角色升星,80670,84670,1001,3,6:580:0:1,1072:10,,1669,12:0:0:0,6
1671,突飞猛进71,完成590次角色升星,80671,84671,1001,3,6:590:0:1,1072:10,,1670,12:0:0:0,6
1672,突飞猛进72,完成600次角色升星,80672,84672,1001,3,6:600:0:1,1072:10,,1671,12:0:0:0,6
1673,突飞猛进73,完成610次角色升星,80673,84673,1001,3,6:610:0:1,1072:10,,1672,12:0:0:0,6
1674,突飞猛进74,完成620次角色升星,80674,84674,1001,3,6:620:0:1,1072:10,,1673,12:0:0:0,6
1675,突飞猛进75,完成630次角色升星,80675,84675,1001,3,6:630:0:1,1072:10,,1674,12:0:0:0,6
1676,突飞猛进76,完成640次角色升星,80676,84676,1001,3,6:640:0:1,1072:10,,1675,12:0:0:0,6
1677,突飞猛进77,完成650次角色升星,80677,84677,1001,3,6:650:0:1,1072:10,,1676,12:0:0:0,6
1701,更好的武器1,完成1次武器突破,80701,84701,1001,1,5:1:0:1,1030:40,,0,12:0:0:0,7
1702,更好的武器2,完成3次武器突破,80702,84702,1001,1,5:3:0:1,1030:40,,1701,12:0:0:0,7
1703,更好的武器3,完成6次武器突破,80703,84703,1001,1,5:6:0:1,1031:30,,1702,12:0:0:0,7
1704,更好的武器4,完成9次武器突破,80704,84704,1001,1,5:9:0:1,1031:30,,1703,12:0:0:0,7
1705,更好的武器5,完成12次武器突破,80705,84705,1001,1,5:12:0:1,1031:30,,1704,12:0:0:0,7
1706,更好的武器6,完成15次武器突破,80706,84706,1001,1,5:15:0:1,1031:30,,1705,12:0:0:0,7
1707,更好的武器7,完成18次武器突破,80707,84707,1001,1,5:18:0:1,1031:30,,1706,12:0:0:0,7
1708,更好的武器8,完成21次武器突破,80708,84708,1001,1,5:21:0:1,1031:30,,1707,12:0:0:0,7
1709,更好的武器9,完成24次武器突破,80709,84709,1001,1,5:24:0:1,1031:30,,1708,12:0:0:0,7
1710,更好的武器10,完成27次武器突破,80710,84710,1001,1,5:27:0:1,1031:30,,1709,12:0:0:0,7
1711,更好的武器11,完成30次武器突破,80711,84711,1001,1,5:30:0:1,1031:30,,1710,12:0:0:0,7
1712,更好的武器12,完成33次武器突破,80712,84712,1001,2,5:33:0:1,1031:30,,1711,12:0:0:0,7
1713,更好的武器13,完成36次武器突破,80713,84713,1001,2,5:36:0:1,1031:30,,1712,12:0:0:0,7
1714,更好的武器14,完成39次武器突破,80714,84714,1001,2,5:39:0:1,1031:30,,1713,12:0:0:0,7
1715,更好的武器15,完成42次武器突破,80715,84715,1001,2,5:42:0:1,1031:30,,1714,12:0:0:0,7
1716,更好的武器16,完成45次武器突破,80716,84716,1001,2,5:45:0:1,1031:30,,1715,12:0:0:0,7
1717,更好的武器17,完成48次武器突破,80717,84717,1001,2,5:48:0:1,1031:30,,1716,12:0:0:0,7
1718,更好的武器18,完成51次武器突破,80718,84718,1001,2,5:51:0:1,1031:30,,1717,12:0:0:0,7
1719,更好的武器19,完成54次武器突破,80719,84719,1001,2,5:54:0:1,1031:30,,1718,12:0:0:0,7
1720,更好的武器20,完成57次武器突破,80720,84720,1001,2,5:57:0:1,1031:30,,1719,12:0:0:0,7
1721,更好的武器21,完成60次武器突破,80721,84721,1001,2,5:60:0:1,1031:30,,1720,12:0:0:0,7
1722,更好的武器22,完成63次武器突破,80722,84722,1001,2,5:63:0:1,1031:30,,1721,12:0:0:0,7
1723,更好的武器23,完成66次武器突破,80723,84723,1001,2,5:66:0:1,1031:30,,1722,12:0:0:0,7
1724,更好的武器24,完成69次武器突破,80724,84724,1001,2,5:69:0:1,1031:30,,1723,12:0:0:0,7
1725,更好的武器25,完成72次武器突破,80725,84725,1001,2,5:72:0:1,1031:30,,1724,12:0:0:0,7
1726,更好的武器26,完成75次武器突破,80726,84726,1001,2,5:75:0:1,1031:30,,1725,12:0:0:0,7
1727,更好的武器27,完成78次武器突破,80727,84727,1001,2,5:78:0:1,1031:30,,1726,12:0:0:0,7
1728,更好的武器28,完成81次武器突破,80728,84728,1001,2,5:81:0:1,1031:30,,1727,12:0:0:0,7
1729,更好的武器29,完成84次武器突破,80729,84729,1001,2,5:84:0:1,1031:30,,1728,12:0:0:0,7
1730,更好的武器30,完成87次武器突破,80730,84730,1001,2,5:87:0:1,1031:30,,1729,12:0:0:0,7
1731,更好的武器31,完成90次武器突破,80731,84731,1001,2,5:90:0:1,1031:30,,1730,12:0:0:0,7
1732,更好的武器32,完成93次武器突破,80732,84732,1001,3,5:93:0:1,1031:30,,1731,12:0:0:0,7
1733,更好的武器33,完成96次武器突破,80733,84733,1001,3,5:96:0:1,1031:30,,1732,12:0:0:0,7
1734,更好的武器34,完成99次武器突破,80734,84734,1001,3,5:99:0:1,1031:30,,1733,12:0:0:0,7
1735,更好的武器35,完成102次武器突破,80735,84735,1001,3,5:102:0:1,1031:30,,1734,12:0:0:0,7
1736,更好的武器36,完成105次武器突破,80736,84736,1001,3,5:105:0:1,1031:30,,1735,12:0:0:0,7
1737,更好的武器37,完成108次武器突破,80737,84737,1001,3,5:108:0:1,1031:30,,1736,12:0:0:0,7
1738,更好的武器38,完成111次武器突破,80738,84738,1001,3,5:111:0:1,1031:30,,1737,12:0:0:0,7
1739,更好的武器39,完成114次武器突破,80739,84739,1001,3,5:114:0:1,1031:30,,1738,12:0:0:0,7
1740,更好的武器40,完成117次武器突破,80740,84740,1001,3,5:117:0:1,1031:30,,1739,12:0:0:0,7
1741,更好的武器41,完成120次武器突破,80741,84741,1001,3,5:120:0:1,1031:30,,1740,12:0:0:0,7
1742,更好的武器42,完成123次武器突破,80742,84742,1001,3,5:123:0:1,1031:30,,1741,12:0:0:0,7
1743,更好的武器43,完成126次武器突破,80743,84743,1001,3,5:126:0:1,1031:30,,1742,12:0:0:0,7
1744,更好的武器44,完成129次武器突破,80744,84744,1001,3,5:129:0:1,1031:30,,1743,12:0:0:0,7
1745,更好的武器45,完成132次武器突破,80745,84745,1001,3,5:132:0:1,1031:30,,1744,12:0:0:0,7
1746,更好的武器46,完成135次武器突破,80746,84746,1001,3,5:135:0:1,1031:30,,1745,12:0:0:0,7
1747,更好的武器47,完成138次武器突破,80747,84747,1001,3,5:138:0:1,1031:30,,1746,12:0:0:0,7
1748,更好的武器48,完成141次武器突破,80748,84748,1001,3,5:141:0:1,1031:30,,1747,12:0:0:0,7
1749,更好的武器49,完成144次武器突破,80749,84749,1001,3,5:144:0:1,1031:30,,1748,12:0:0:0,7
1750,更好的武器50,完成147次武器突破,80750,84750,1001,3,5:147:0:1,1031:30,,1749,12:0:0:0,7
1751,更好的武器51,完成150次武器突破,80751,84751,1001,3,5:150:0:1,1031:30,,1750,12:0:0:0,7
1752,更好的武器52,完成153次武器突破,80752,84752,1001,3,5:153:0:1,1031:30,,1751,12:0:0:0,7
1753,更好的武器53,完成156次武器突破,80753,84753,1001,3,5:156:0:1,1031:30,,1752,12:0:0:0,7
1754,更好的武器54,完成159次武器突破,80754,84754,1001,3,5:159:0:1,1031:30,,1753,12:0:0:0,7
1755,更好的武器55,完成162次武器突破,80755,84755,1001,3,5:162:0:1,1031:30,,1754,12:0:0:0,7
1756,更好的武器56,完成165次武器突破,80756,84756,1001,3,5:165:0:1,1031:30,,1755,12:0:0:0,7
1757,更好的武器57,完成168次武器突破,80757,84757,1001,3,5:168:0:1,1031:30,,1756,12:0:0:0,7
1758,更好的武器58,完成171次武器突破,80758,84758,1001,3,5:171:0:1,1031:30,,1757,12:0:0:0,7
1759,更好的武器59,完成174次武器突破,80759,84759,1001,3,5:174:0:1,1031:30,,1758,12:0:0:0,7
1760,更好的武器60,完成177次武器突破,80760,84760,1001,3,5:177:0:1,1031:30,,1759,12:0:0:0,7
1761,更好的武器61,完成180次武器突破,80761,84761,1001,3,5:180:0:1,1031:30,,1760,12:0:0:0,7
1762,更好的武器62,完成183次武器突破,80762,84762,1001,3,5:183:0:1,1031:30,,1761,12:0:0:0,7
1763,更好的武器63,完成186次武器突破,80763,84763,1001,3,5:186:0:1,1031:30,,1762,12:0:0:0,7
1764,更好的武器64,完成189次武器突破,80764,84764,1001,3,5:189:0:1,1031:30,,1763,12:0:0:0,7
1765,更好的武器65,完成192次武器突破,80765,84765,1001,3,5:192:0:1,1031:30,,1764,12:0:0:0,7
1766,更好的武器66,完成195次武器突破,80766,84766,1001,3,5:195:0:1,1031:30,,1765,12:0:0:0,7
1767,更好的武器67,完成198次武器突破,80767,84767,1001,3,5:198:0:1,1031:30,,1766,12:0:0:0,7
1768,更好的武器68,完成201次武器突破,80768,84768,1001,3,5:201:0:1,1031:30,,1767,12:0:0:0,7
1769,更好的武器69,完成204次武器突破,80769,84769,1001,3,5:204:0:1,1031:30,,1768,12:0:0:0,7
1770,更好的武器70,完成207次武器突破,80770,84770,1001,3,5:207:0:1,1031:30,,1769,12:0:0:0,7
1771,更好的武器71,完成210次武器突破,80771,84771,1001,3,5:210:0:1,1031:30,,1770,12:0:0:0,7
1772,更好的武器72,完成213次武器突破,80772,84772,1001,3,5:213:0:1,1031:30,,1771,12:0:0:0,7
1773,更好的武器73,完成216次武器突破,80773,84773,1001,3,5:216:0:1,1031:30,,1772,12:0:0:0,7
1774,更好的武器74,完成219次武器突破,80774,84774,1001,3,5:219:0:1,1031:30,,1773,12:0:0:0,7
1775,更好的武器75,完成222次武器突破,80775,84775,1001,3,5:222:0:1,1031:30,,1774,12:0:0:0,7
1776,更好的武器76,完成225次武器突破,80776,84776,1001,3,5:225:0:1,1031:30,,1775,12:0:0:0,7
1777,更好的武器77,完成228次武器突破,80777,84777,1001,3,5:228:0:1,1031:30,,1776,12:0:0:0,7
1778,更好的武器78,完成231次武器突破,80778,84778,1001,3,5:231:0:1,1031:30,,1777,12:0:0:0,7
1779,更好的武器79,完成234次武器突破,80779,84779,1001,3,5:234:0:1,1031:30,,1778,12:0:0:0,7
1780,更好的武器80,完成237次武器突破,80780,84780,1001,3,5:237:0:1,1031:30,,1779,12:0:0:0,7
1781,更好的武器81,完成240次武器突破,80781,84781,1001,3,5:240:0:1,1031:30,,1780,12:0:0:0,7
1801,极限挑战,完成BOSS挑战第1关,80801,84801,1001,2,49:1:30014:0,42004:1,,0,68:30014:0:0,8
1802,极限挑战,完成BOSS挑战第2关,80802,84802,1001,2,49:1:30024:0,42004:1,,1801,68:30024:0:0,8
1803,极限挑战,完成BOSS挑战第3关,80803,84803,1001,2,49:1:30034:0,42005:1,,1802,68:30034:0:0,8
1804,极限挑战,完成BOSS挑战第4关,80804,84804,1001,2,49:1:30044:0,42005:1,,1803,68:30044:0:0,8
1805,极限挑战,完成BOSS挑战第5关,80805,84805,1001,2,49:1:30054:0,42005:1,,1804,68:30054:0:0,8
1806,极限挑战,完成BOSS挑战第6关,80806,84806,1001,2,49:1:30064:0,42006:1,,1805,68:30064:0:0,8
1807,极限挑战,完成BOSS挑战第7关,80807,84807,1001,2,49:1:30074:0,42006:1,,1806,68:30074:0:0,8
1808,极限挑战,完成BOSS挑战第8关,80808,84808,1001,2,49:1:30084:0,42006:1,,1807,68:30084:0:0,8
1809,极限挑战,完成BOSS挑战第9关,80809,84809,1001,2,49:1:30094:0,42007:1,,1808,68:30094:0:0,8
1810,极限挑战,完成BOSS挑战第10关,80810,84810,1001,2,49:1:30104:0,42007:1,,1809,68:30104:0:0,8
1811,极限挑战,完成BOSS挑战第11关,80811,84811,1001,2,49:1:30114:0,42008:1,,1810,68:30114:0:0,8
1812,极限挑战,完成BOSS挑战第12关,80812,84812,1001,2,49:1:30124:0,42008:1,,1811,68:30124:0:0,8
1813,极限挑战,完成BOSS挑战第13关,80813,84813,1001,2,49:1:30134:0,42009:1,,1812,68:30134:0:0,8
2001,竞技达人,魂之热斗排名达到5000名,81001,85001,1001,2,14:5000:0:-1,4:50,,0,18:0:0:0,10
2002,竞技达人,魂之热斗排名达到500名,81002,85002,1001,2,14:500:0:-1,4:50,,2001,18:0:0:0,10
2003,竞技达人,魂之热斗排名达到100名,81003,85003,1001,2,14:100:0:-1,4:50,,2002,18:0:0:0,10
2004,竞技达人,魂之热斗排名达到50名,81004,85004,1001,3,14:50:0:-1,4:50,,2003,18:0:0:0,10
2005,竞技达人,魂之热斗排名达到20名,81005,85005,1001,3,14:20:0:-1,4:50,,2004,18:0:0:0,10
2006,竞技达人,魂之热斗排名达到10名,81006,85006,1001,3,14:10:0:-1,4:50,,2005,18:0:0:0,10
2007,竞技达人,魂之热斗排名达到5名,81007,85007,1001,3,14:5:0:-1,4:60,,2006,18:0:0:0,10
2008,竞技达人,魂之热斗排名达到4名,81008,85008,1001,3,14:4:0:-1,4:80,,2007,18:0:0:0,10
2009,竞技达人,魂之热斗排名达到3名,81009,85009,1001,3,14:3:0:-1,4:100,,2008,18:0:0:0,10
2010,竞技达人,魂之热斗排名达到2名,81010,85010,1001,3,14:2:0:-1,4:200,,2009,18:0:0:0,10
2011,竞技达人,魂之热斗排名达到1名,81011,85011,1001,3,14:1:0:-1,4:300,,2010,18:0:0:0,10
2101,英雄试炼,完成1次英雄试炼,81101,85101,1001,1,59:1:0:1,1010:50,,0,109:0:0:0,11
2102,英雄试炼,完成20次英雄试炼,81102,85102,1001,1,59:20:0:1,1021:50,,2101,109:0:0:0,11
2103,英雄试炼,完成50次英雄试炼,81103,85103,1001,1,59:50:0:1,1022:50,,2102,109:0:0:0,11
2104,英雄试炼,完成100次英雄试炼,81104,85104,1001,2,59:100:0:1,1010:50,,2103,109:0:0:0,11
2105,英雄试炼,完成200次英雄试炼,81105,85105,1001,2,59:200:0:1,1021:50,,2104,109:0:0:0,11
2106,英雄试炼,完成500次英雄试炼,81106,85106,1001,2,59:500:0:1,1022:50,,2105,109:0:0:0,11
2107,英雄试炼,完成1000次英雄试炼,81107,85107,1001,2,59:1000:0:1,1010:50,,2106,109:0:0:0,11
2108,英雄试炼,完成2000次英雄试炼,81108,85108,1001,3,59:2000:0:1,1021:50,,2107,109:0:0:0,11
2109,英雄试炼,完成5000次英雄试炼,81109,85109,1001,3,59:5000:0:1,1022:50,,2108,109:0:0:0,11
2110,英雄试炼,完成10000次英雄试炼,81110,85110,1001,3,59:10000:0:1,1010:50,,2109,109:0:0:0,11
2301,美味佳肴1,食用料理2次,81301,85301,1001,1,11:2:0:1,2:100000,,0,13:0:0:0,13
2302,美味佳肴2,食用料理10次,81302,85302,1001,1,11:10:0:1,2:100000,,2301,13:0:0:0,13
2303,美味佳肴3,食用料理30次,81303,85303,1001,1,11:30:0:1,2:100000,,2302,13:0:0:0,13
2304,美味佳肴4,食用料理50次,81304,85304,1001,1,11:50:0:1,2:100000,,2303,13:0:0:0,13
2305,美味佳肴5,食用料理100次,81305,85305,1001,2,11:100:0:1,2:100000,,2304,13:0:0:0,13
2306,美味佳肴6,食用料理150次,81306,85306,1001,2,11:150:0:1,2:100000,,2305,13:0:0:0,13
2307,美味佳肴7,食用料理200次,81307,85307,1001,2,11:200:0:1,2:100000,,2306,13:0:0:0,13
2308,美味佳肴8,食用料理250次,81308,85308,1001,2,11:250:0:1,2:100000,,2307,13:0:0:0,13
2309,美味佳肴9,食用料理300次,81309,85309,1001,2,11:300:0:1,2:100000,,2308,13:0:0:0,13
2310,美味佳肴10,食用料理350次,81310,85310,1001,2,11:350:0:1,2:100000,,2309,13:0:0:0,13
2311,美味佳肴11,食用料理400次,81311,85311,1001,2,11:400:0:1,2:100000,,2310,13:0:0:0,13
2312,美味佳肴12,食用料理450次,81312,85312,1001,2,11:450:0:1,2:100000,,2311,13:0:0:0,13
2313,美味佳肴13,食用料理500次,81313,85313,1001,3,11:500:0:1,2:100000,,2312,13:0:0:0,13
2314,美味佳肴14,食用料理550次,81314,85314,1001,3,11:550:0:1,2:100000,,2313,13:0:0:0,13
2315,美味佳肴15,食用料理600次,81315,85315,1001,3,11:600:0:1,2:100000,,2314,13:0:0:0,13
2316,美味佳肴16,食用料理650次,81316,85316,1001,3,11:650:0:1,2:100000,,2315,13:0:0:0,13
2317,美味佳肴17,食用料理700次,81317,85317,1001,3,11:700:0:1,2:100000,,2316,13:0:0:0,13
2318,美味佳肴18,食用料理750次,81318,85318,1001,3,11:750:0:1,2:100000,,2317,13:0:0:0,13
2319,美味佳肴19,食用料理800次,81319,85319,1001,3,11:800:0:1,2:100000,,2318,13:0:0:0,13
2320,美味佳肴20,食用料理850次,81320,85320,1001,3,11:850:0:1,2:100000,,2319,13:0:0:0,13
2321,美味佳肴21,食用料理900次,81321,85321,1001,3,11:900:0:1,2:100000,,2320,13:0:0:0,13
2322,美味佳肴22,食用料理950次,81322,85322,1001,3,11:950:0:1,2:100000,,2321,13:0:0:0,13
2323,美味佳肴23,食用料理1000次,81323,85323,1001,3,11:1000:0:1,2:100000,,2322,13:0:0:0,13
2324,美味佳肴24,食用料理1100次,81324,85324,1001,3,11:1100:0:1,2:100000,,2323,13:0:0:0,13
2325,美味佳肴25,食用料理1200次,81325,85325,1001,3,11:1200:0:1,2:100000,,2324,13:0:0:0,13
2326,美味佳肴26,食用料理1300次,81326,85326,1001,3,11:1300:0:1,2:100000,,2325,13:0:0:0,13
2327,美味佳肴27,食用料理1400次,81327,85327,1001,3,11:1400:0:1,2:100000,,2326,13:0:0:0,13
2328,美味佳肴28,食用料理1500次,81328,85328,1001,3,11:1500:0:1,2:100000,,2327,13:0:0:0,13
2329,美味佳肴29,食用料理1600次,81329,85329,1001,3,11:1600:0:1,2:100000,,2328,13:0:0:0,13
2330,美味佳肴30,食用料理1700次,81330,85330,1001,3,11:1700:0:1,2:100000,,2329,13:0:0:0,13
2331,美味佳肴31,食用料理1800次,81331,85331,1001,3,11:1800:0:1,2:100000,,2330,13:0:0:0,13
2332,美味佳肴32,食用料理1900次,81332,85332,1001,3,11:1900:0:1,2:100000,,2331,13:0:0:0,13
2333,美味佳肴33,食用料理2000次,81333,85333,1001,3,11:2000:0:1,2:100000,,2332,13:0:0:0,13
2401,充盈军资1,商店购买1次,81401,85401,1001,1,10:1:0:1,1000:2,,0,9:1:0:0,14
2402,充盈军资2,商店购买20次,81402,85402,1001,1,10:20:0:1,1000:3,,2401,9:1:0:0,14
2403,充盈军资3,商店购买50次,81403,85403,1001,1,10:50:0:1,1000:3,,2402,9:1:0:0,14
2404,充盈军资4,商店购买100次,81404,85404,1001,1,10:100:0:1,1000:3,,2403,9:1:0:0,14
2405,充盈军资5,商店购买200次,81405,85405,1001,2,10:200:0:1,1000:3,,2404,9:1:0:0,14
2406,充盈军资6,商店购买300次,81406,85406,1001,2,10:300:0:1,1000:5,,2405,9:1:0:0,14
2407,充盈军资7,商店购买400次,81407,85407,1001,2,10:400:0:1,1000:5,,2406,9:1:0:0,14
2408,充盈军资8,商店购买500次,81408,85408,1001,2,10:500:0:1,1000:5,,2407,9:1:0:0,14
2409,充盈军资9,商店购买600次,81409,85409,1001,2,10:600:0:1,1000:5,,2408,9:1:0:0,14
2410,充盈军资10,商店购买700次,81410,85410,1001,2,10:700:0:1,1000:5,,2409,9:1:0:0,14
2411,充盈军资11,商店购买800次,81411,85411,1001,2,10:800:0:1,1000:5,,2410,9:1:0:0,14
2412,充盈军资12,商店购买900次,81412,85412,1001,2,10:900:0:1,1000:5,,2411,9:1:0:0,14
2413,充盈军资13,商店购买1000次,81413,85413,1001,2,10:1000:0:1,1000:5,,2412,9:1:0:0,14
2501,歃血为盟！,加入或创建一个番队,82017,86017,1001,2,29:1:0:0,4:50,,0,24:0:0:0,15
2601,战力飙升,战力达到5万,82601,85901,1001,2,32:50000:0:1,4:25,,0,0:0:0:0,16
2602,战力飙升,战力达到20万,82602,85902,1001,2,32:200000:0:1,4:25,,2601,0:0:0:0,16
2603,战力飙升,战力达到50万,82603,85903,1001,2,32:500000:0:1,4:25,,2602,0:0:0:0,16
2604,战力飙升,战力达到100万,82604,85904,1001,2,32:1000000:0:1,4:25,,2603,0:0:0:0,16
2605,战力飙升,战力达到150万,82605,85905,1001,2,32:1500000:0:1,4:25,,2604,0:0:0:0,16
2606,战力飙升,战力达到200万,82606,85906,1001,2,32:2000000:0:1,4:25,,2605,0:0:0:0,16
2607,战力飙升,战力达到250万,82607,85907,1001,2,32:2500000:0:1,4:25,,2606,0:0:0:0,16
2608,战力飙升,战力达到300万,82608,85908,1001,2,32:3000000:0:1,4:25,,2607,0:0:0:0,16
2609,战力飙升,战力达到350万,82609,85909,1001,2,32:3500000:0:1,4:25,,2608,0:0:0:0,16
2610,战力飙升,战力达到400万,82610,85910,1001,2,32:4000000:0:1,4:25,,2609,0:0:0:0,16
2611,战力飙升,战力达到450万,82611,85911,1001,2,32:4500000:0:1,4:25,,2610,0:0:0:0,16
2612,战力飙升,战力达到500万,82612,85912,1001,2,32:5000000:0:1,4:25,,2611,0:0:0:0,16
2613,战力飙升,战力达到550万,82613,85913,1001,2,32:5500000:0:1,4:25,,2612,0:0:0:0,16
2614,战力飙升,战力达到600万,82614,85914,1001,2,32:6000000:0:1,4:25,,2613,0:0:0:0,16
2615,战力飙升,战力达到650万,82615,85915,1001,2,32:6500000:0:1,4:25,,2614,0:0:0:0,16
2616,战力飙升,战力达到700万,82616,85916,1001,2,32:7000000:0:1,4:25,,2615,0:0:0:0,16
2617,战力飙升,战力达到750万,82617,85917,1001,2,32:7500000:0:1,4:25,,2616,0:0:0:0,16
2618,战力飙升,战力达到800万,82618,85918,1001,2,32:8000000:0:1,4:25,,2617,0:0:0:0,16
2619,战力飙升,战力达到850万,82619,85919,1001,2,32:8500000:0:1,4:25,,2618,0:0:0:0,16
2620,战力飙升,战力达到900万,82620,85920,1001,2,32:9000000:0:1,4:25,,2619,0:0:0:0,16
2621,战力飙升,战力达到950万,82621,85921,1001,2,32:9500000:0:1,4:25,,2620,0:0:0:0,16
2622,战力飙升,战力达到1000万,82622,85922,1001,2,32:10000000:0:1,4:25,,2621,0:0:0:0,16
2623,战力飙升,战力达到1500万,82623,85923,1001,2,32:15000000:0:1,4:25,,2622,0:0:0:0,16
2624,战力飙升,战力达到2000万,82624,85924,1001,2,32:20000000:0:1,4:25,,2623,0:0:0:0,16
2625,战力飙升,战力达到2500万,82625,85925,1001,2,32:25000000:0:1,4:25,,2624,0:0:0:0,16
2626,战力飙升,战力达到3000万,82626,85926,1001,2,32:30000000:0:1,4:25,,2625,0:0:0:0,16
2627,战力飙升,战力达到3500万,82627,85927,1001,2,32:35000000:0:1,4:25,,2626,0:0:0:0,16
2628,战力飙升,战力达到4000万,82628,85928,1001,2,32:40000000:0:1,4:25,,2627,0:0:0:0,16
